Country Name,Country Code,Series Name,Series Code,2020 [YR2020],2021 [YR2021],2022 [YR2022],2023 [YR2023],2024 [YR2024]
Afghanistan,AFG,GDP per capita growth (annual %),NY.GDP.PCAP.KD.ZG,-5.38251464221077,-22.5844818732987,-7.57666891152213,0.540655554216826,..
Albania,ALB,GDP per capita growth (annual %),NY.GDP.PCAP.KD.ZG,-2.75693978209092,9.9843075683015,6.10893999509641,5.13713201542561,..
Algeria,DZA,GDP per capita growth (annual %),NY.GDP.PCAP.KD.ZG,-6.61247509796932,2.13263632780773,1.96825188007162,2.55120301937745,..
American Samoa,ASM,GDP per capita growth (annual %),NY.GDP.PCAP.KD.ZG,5.3517874262504,0.297884820349225,3.59327606262792,..,..
Andorra,AND,GDP per capita growth (annual %),NY.GDP.PCAP.KD.ZG,-12.2238384935431,6.92704485233561,7.72123800096536,1.1232590791063,..
Angola,AGO,GDP per capita growth (annual %),NY.GDP.PCAP.KD.ZG,-8.67207617426551,-1.96959068680444,-0.143628267802001,-2.06277329277863,..
Antigua and Barbuda,ATG,GDP per capita growth (annual %),NY.GDP.PCAP.KD.ZG,-19.3061079714883,7.60242746368742,8.93719971230415,3.33221753471314,..
Argentina,ARG,GDP per capita growth (annual %),NY.GDP.PCAP.KD.ZG,-10.3361096878518,10.1485599877349,5.04819532337936,-1.89294979737558,..
Armenia,ARM,GDP per capita growth (annual %),NY.GDP.PCAP.KD.ZG,-7.16866452731679,5.77142760758333,12.3383335576379,7.51424654746016,..
Aruba,ABW,GDP per capita growth (annual %),NY.GDP.PCAP.KD.ZG,-25.7932299902647,25.154963851554,8.91230807871956,4.2161321395799,..
Australia,AUS,GDP per capita growth (annual %),NY.GDP.PCAP.KD.ZG,-1.34397743292375,1.96739983729857,2.92410064137691,0.941014568468177,..
Austria,AUT,GDP per capita growth (annual %),NY.GDP.PCAP.KD.ZG,-6.70639380453616,4.33975864673073,4.27593300868151,-1.93014550333265,..
Azerbaijan,AZE,GDP per capita growth (annual %),NY.GDP.PCAP.KD.ZG,-4.95270173869491,5.15150006870661,4.67343995240384,1.00245375996985,..
"Bahamas, The",BHS,GDP per capita growth (annual %),NY.GDP.PCAP.KD.ZG,-21.6592742577959,15.2546635364609,10.4573623607886,2.15032304345033,..
Bahrain,BHR,GDP per capita growth (annual %),NY.GDP.PCAP.KD.ZG,-5.17307400932464,2.11919822497499,4.56830497646013,-0.438668518005386,..
Bangladesh,BGD,GDP per capita growth (annual %),NY.GDP.PCAP.KD.ZG,2.58647816564581,6.07069417020969,6.00847462887278,4.4907040939439,..
Barbados,BRB,GDP per capita growth (annual %),NY.GDP.PCAP.KD.ZG,-15.2024233113658,-0.413697039221532,17.7614916652573,4.08718373049098,..
Belarus,BLR,GDP per capita growth (annual %),NY.GDP.PCAP.KD.ZG,-0.25122471747035,3.29081751550129,-3.88854008273084,4.44960693510662,..
Belgium,BEL,GDP per capita growth (annual %),NY.GDP.PCAP.KD.ZG,-5.20244009899054,5.76632057182083,3.39444810875487,0.330761544683028,..
Belize,BLZ,GDP per capita growth (annual %),NY.GDP.PCAP.KD.ZG,-15.0006803457529,16.3958057933036,7.6417033896701,-0.911086213204612,..
Benin,BEN,GDP per capita growth (annual %),NY.GDP.PCAP.KD.ZG,1.12020264806804,4.41335435119757,3.58072444885842,3.70336824954308,..
Bermuda,BMU,GDP per capita growth (annual %),NY.GDP.PCAP.KD.ZG,-7.24077916474974,4.98533851039498,6.26511530054812,-0.0160705558262038,..
Bhutan,BTN,GDP per capita growth (annual %),NY.GDP.PCAP.KD.ZG,-10.8226112247093,3.68935320488568,4.47661596980855,..,..
Bolivia,BOL,GDP per capita growth (annual %),NY.GDP.PCAP.KD.ZG,-9.85710687013788,5.03525970053377,2.40643654741493,1.67597209711492,..
Bosnia and Herzegovina,BIH,GDP per capita growth (annual %),NY.GDP.PCAP.KD.ZG,-1.65750889476411,9.19171639031184,5.53110882891563,2.84424128755406,..
Botswana,BWA,GDP per capita growth (annual %),NY.GDP.PCAP.KD.ZG,-10.0331102652959,10.2639466852064,3.82364178157756,1.06238429984988,..
Brazil,BRA,GDP per capita growth (annual %),NY.GDP.PCAP.KD.ZG,-3.83550546659214,4.3179316171849,2.64631532411505,2.50184181305286,..
British Virgin Islands,VGB,GDP per capita growth (annual %),NY.GDP.PCAP.KD.ZG,..,..,..,..,..
Brunei Darussalam,BRN,GDP per capita growth (annual %),NY.GDP.PCAP.KD.ZG,0.065735387685379,-2.5312383018266,-2.4166096837327,0.61627044044485,..
Bulgaria,BGR,GDP per capita growth (annual %),NY.GDP.PCAP.KD.ZG,-2.63305109398775,8.6624492700559,7.70993169235021,4.99605098628201,..
Burkina Faso,BFA,GDP per capita growth (annual %),NY.GDP.PCAP.KD.ZG,-0.443420002406739,4.43100540861892,-0.819552931034835,0.649577989543943,..
Burundi,BDI,GDP per capita growth (annual %),NY.GDP.PCAP.KD.ZG,-2.54898078724676,0.329205802983878,-0.86993082464484,-0.0634306087257812,..
Cabo Verde,CPV,GDP per capita growth (annual %),NY.GDP.PCAP.KD.ZG,-20.8937523404244,6.62540765957627,15.1545081084513,4.95243157820107,..
Cambodia,KHM,GDP per capita growth (annual %),NY.GDP.PCAP.KD.ZG,-4.96368199399319,1.57862051550094,3.71382775421614,3.62181652357869,..
Cameroon,CMR,GDP per capita growth (annual %),NY.GDP.PCAP.KD.ZG,-2.43476031121681,0.631351991581198,1.04502997524601,0.555787081874598,..
Canada,CAN,GDP per capita growth (annual %),NY.GDP.PCAP.KD.ZG,-6.06240642959015,4.70538205187351,1.95567065895641,-1.67686294923784,..
Cayman Islands,CYM,GDP per capita growth (annual %),NY.GDP.PCAP.KD.ZG,-6.83262842880404,2.77415090691775,2.9780272878493,2.29214328757428,..
Central African Republic,CAF,GDP per capita growth (annual %),NY.GDP.PCAP.KD.ZG,-0.744488614542561,-0.705468755505223,0.779306817487921,-0.19439874260992,..
Chad,TCD,GDP per capita growth (annual %),NY.GDP.PCAP.KD.ZG,-4.68177486554433,-4.51520294952013,-0.688568407747965,-0.532949668761347,..
Channel Islands,CHI,GDP per capita growth (annual %),NY.GDP.PCAP.KD.ZG,-9.22341061404704,9.60318202892023,5.04335171897539,3.42060499095562,..
Chile,CHL,GDP per capita growth (annual %),NY.GDP.PCAP.KD.ZG,-6.98113061984451,10.8435032426686,1.55399573929161,-0.320572085984224,..
China,CHN,GDP per capita growth (annual %),NY.GDP.PCAP.KD.ZG,1.99555804192106,8.35171995394172,2.96415683733213,5.35885786336085,..
Colombia,COL,GDP per capita growth (annual %),NY.GDP.PCAP.KD.ZG,-8.50949477621059,9.5929782838861,6.14882472642719,-0.511064130774713,..
Comoros,COM,GDP per capita growth (annual %),NY.GDP.PCAP.KD.ZG,-2.13462936832765,0.00410174590371071,0.633328895842794,1.03371262691816,..
"Congo, Dem. Rep.",COD,GDP per capita growth (annual %),NY.GDP.PCAP.KD.ZG,-1.48924362969555,2.81656459085707,5.46935970576061,5.0792270602395,..
"Congo, Rep.",COG,GDP per capita growth (annual %),NY.GDP.PCAP.KD.ZG,-8.48578578986992,-1.37465389510481,-0.927744025174505,-0.528875412706213,..
Costa Rica,CRI,GDP per capita growth (annual %),NY.GDP.PCAP.KD.ZG,-4.93444227198336,7.38823226408623,4.10345495842361,4.6227538695518,..
Cote d'Ivoire,CIV,GDP per capita growth (annual %),NY.GDP.PCAP.KD.ZG,-1.81621061689408,4.44709198559022,3.57851134670443,3.5739282865556,..
Croatia,HRV,GDP per capita growth (annual %),NY.GDP.PCAP.KD.ZG,-7.48747462051617,13.6545080301151,7.93740053837753,3.19428250044082,..
Cuba,CUB,GDP per capita growth (annual %),NY.GDP.PCAP.KD.ZG,-10.7380017373744,1.74699047212907,2.34859376608416,-1.57400309872948,..
Curacao,CUW,GDP per capita growth (annual %),NY.GDP.PCAP.KD.ZG,-17.1256701353318,5.94644325617895,8.59729802128055,5.70588245796732,..
Cyprus,CYP,GDP per capita growth (annual %),NY.GDP.PCAP.KD.ZG,-4.31145651333244,10.354743515406,5.91318391367162,1.01810481946092,..
Czechia,CZE,GDP per capita growth (annual %),NY.GDP.PCAP.KD.ZG,-5.53491968909772,5.93106967489969,1.24409473071174,-1.85042130485776,..
Denmark,DNK,GDP per capita growth (annual %),NY.GDP.PCAP.KD.ZG,-2.06613834682413,6.91766397588252,0.743682050788365,1.73831324527245,..
Djibouti,DJI,GDP per capita growth (annual %),NY.GDP.PCAP.KD.ZG,-0.194323039716195,3.02524014418688,2.28288456725817,5.21030648770045,..
Dominica,DMA,GDP per capita growth (annual %),NY.GDP.PCAP.KD.ZG,-16.2252224176746,7.48065676225116,6.17761763298697,5.20974333141137,..
Dominican Republic,DOM,GDP per capita growth (annual %),NY.GDP.PCAP.KD.ZG,-7.6884057209512,11.1094904238238,3.85688511656647,1.45247215200952,..
Ecuador,ECU,GDP per capita growth (annual %),NY.GDP.PCAP.KD.ZG,-10.3108341005083,8.97136200726882,5.34349023609313,1.46609787031822,..
"Egypt, Arab Rep.",EGY,GDP per capita growth (annual %),NY.GDP.PCAP.KD.ZG,1.88111975917718,1.76220484283698,5.01555864991792,2.0216049044848,..
El Salvador,SLV,GDP per capita growth (annual %),NY.GDP.PCAP.KD.ZG,-8.07562588564387,11.5271594106656,2.39791769647934,3.03022113151724,..
Equatorial Guinea,GNQ,GDP per capita growth (annual %),NY.GDP.PCAP.KD.ZG,-7.35874657366674,-1.56652040015599,0.661786258781987,-7.34984419720533,..
Eritrea,ERI,GDP per capita growth (annual %),NY.GDP.PCAP.KD.ZG,..,..,..,..,..
Estonia,EST,GDP per capita growth (annual %),NY.GDP.PCAP.KD.ZG,-3.07548259924842,7.04092720510926,-1.26803376550069,-4.54079780667568,..
Eswatini,SWZ,GDP per capita growth (annual %),NY.GDP.PCAP.KD.ZG,-3.93372721156238,2.21125906314677,-1.07799704474215,4.02586627576976,..
Ethiopia,ETH,GDP per capita growth (annual %),NY.GDP.PCAP.KD.ZG,3.22311599092373,2.85565765490767,2.59483118332766,3.76110898414161,..
Faroe Islands,FRO,GDP per capita growth (annual %),NY.GDP.PCAP.KD.ZG,-3.08925168870519,4.03208796871324,2.33335945136548,1.49204624479195,..
Fiji,FJI,GDP per capita growth (annual %),NY.GDP.PCAP.KD.ZG,-17.0444705219334,-5.06241050091924,19.4395068638526,6.97476972948301,..
Finland,FIN,GDP per capita growth (annual %),NY.GDP.PCAP.KD.ZG,-2.63099870678219,2.52197670805532,1.17453501098861,-1.65611536097759,..
France,FRA,GDP per capita growth (annual %),NY.GDP.PCAP.KD.ZG,-7.74056754340876,6.50155222975816,2.23598928786784,0.607649186397026,..
French Polynesia,PYF,GDP per capita growth (annual %),NY.GDP.PCAP.KD.ZG,-7.10924836320343,1.88205500182596,4.24773677566013,..,..
Gabon,GAB,GDP per capita growth (annual %),NY.GDP.PCAP.KD.ZG,-4.15528083286725,-0.845244788994776,0.747533658521135,0.217772009125895,..
"Gambia, The",GMB,GDP per capita growth (annual %),NY.GDP.PCAP.KD.ZG,-1.7631871131438,2.79304588389131,3.07381399019251,2.41340344842445,..
Georgia,GEO,GDP per capita growth (annual %),NY.GDP.PCAP.KD.ZG,-6.35478715206467,11.0650780067831,10.8422088053808,7.74568546703702,..
Germany,DEU,GDP per capita growth (annual %),NY.GDP.PCAP.KD.ZG,-4.17345320848187,3.6261286867131,0.641609123670904,0.353884463349871,..
Ghana,GHA,GDP per capita growth (annual %),NY.GDP.PCAP.KD.ZG,-1.46830801654092,3.03800270044563,1.84292659762039,0.9986101276738,..
Gibraltar,GIB,GDP per capita growth (annual %),NY.GDP.PCAP.KD.ZG,..,..,..,..,..
Greece,GRC,GDP per capita growth (annual %),NY.GDP.PCAP.KD.ZG,-9.00116452681704,9.98468495099316,7.0843300920864,2.63987981955106,..
Greenland,GRL,GDP per capita growth (annual %),NY.GDP.PCAP.KD.ZG,-0.0647842810666504,0.778869513715492,..,..,..
Grenada,GRD,GDP per capita growth (annual %),NY.GDP.PCAP.KD.ZG,-14.0234896211443,4.37616462446699,7.11420099513016,3.41752116129375,..
Guam,GUM,GDP per capita growth (annual %),NY.GDP.PCAP.KD.ZG,-10.7119946566793,1.07830501841417,4.17726586538778,..,..
Guatemala,GTM,GDP per capita growth (annual %),NY.GDP.PCAP.KD.ZG,-3.22007732804485,6.55183997318683,2.74510931662304,1.94482578818422,..
Guinea,GIN,GDP per capita growth (annual %),NY.GDP.PCAP.KD.ZG,2.06694997562413,2.96921009369555,1.423063279934,4.14897160570489,..
Guinea-Bissau,GNB,GDP per capita growth (annual %),NY.GDP.PCAP.KD.ZG,-0.801515193497664,3.83162407652125,2.28630209508714,2.863557562921,..
Guyana,GUY,GDP per capita growth (annual %),NY.GDP.PCAP.KD.ZG,43.5123463015091,18.8820740620799,62.1110244618455,33.0390050012149,..
Haiti,HTI,GDP per capita growth (annual %),NY.GDP.PCAP.KD.ZG,-4.49816442182016,-2.92695804339543,-2.7846808475344,-2.99212843762332,..
Honduras,HND,GDP per capita growth (annual %),NY.GDP.PCAP.KD.ZG,-10.5484174868395,10.7029903655951,2.41184551052402,1.82153848584794,..
"Hong Kong SAR, China",HKG,GDP per capita growth (annual %),NY.GDP.PCAP.KD.ZG,-6.20872349471774,7.42947323635303,-2.80511851932368,0.672720575833921,..
Hungary,HUN,GDP per capita growth (annual %),NY.GDP.PCAP.KD.ZG,-4.28140735132469,7.50510516201774,5.29384001816963,-0.368525543460265,..
Iceland,ISL,GDP per capita growth (annual %),NY.GDP.PCAP.KD.ZG,-8.43869801113058,3.54282580473281,6.28683265806771,2.00742256232689,..
India,IND,GDP per capita growth (annual %),NY.GDP.PCAP.KD.ZG,-6.69047102833747,8.79093447676263,6.1449586075554,7.20183939103345,..
Indonesia,IDN,GDP per capita growth (annual %),NY.GDP.PCAP.KD.ZG,-2.89423403981894,2.97476192227879,4.52469623632904,4.16662016188742,..
"Iran, Islamic Rep.",IRN,GDP per capita growth (annual %),NY.GDP.PCAP.KD.ZG,2.5389746580567,3.85313178994835,2.53772563042168,3.78764834504966,..
Iraq,IRQ,GDP per capita growth (annual %),NY.GDP.PCAP.KD.ZG,-13.967532268629,-0.74745630944858,5.19898035546807,-5.09653452880239,..
Ireland,IRL,GDP per capita growth (annual %),NY.GDP.PCAP.KD.ZG,6.06078060129495,15.1519484897753,5.83266062205905,-8.05568600205125,..
Isle of Man,IMN,GDP per capita growth (annual %),NY.GDP.PCAP.KD.ZG,-8.95285352180778,3.78598318141479,..,..,..
Israel,ISR,GDP per capita growth (annual %),NY.GDP.PCAP.KD.ZG,-3.18721874830878,7.52022582216894,4.39722097796363,0.332891432159684,..
Italy,ITA,GDP per capita growth (annual %),NY.GDP.PCAP.KD.ZG,-8.42323992779932,9.49416104245226,4.87370861625361,0.732099290773135,..
Jamaica,JAM,GDP per capita growth (annual %),NY.GDP.PCAP.KD.ZG,-10.1579688839566,4.34549459726712,5.16733666328146,2.1769567589147,..
Japan,JPN,GDP per capita growth (annual %),NY.GDP.PCAP.KD.ZG,-3.86470966963243,3.0321308280439,1.40382237505176,2.17578291223812,..
Jordan,JOR,GDP per capita growth (annual %),NY.GDP.PCAP.KD.ZG,-2.86253982856009,1.7717289089388,0.915647678213944,1.03611400644526,..
Kazakhstan,KAZ,GDP per capita growth (annual %),NY.GDP.PCAP.KD.ZG,-3.86406094514987,2.91864170117744,1.70100297910589,3.57238732741942,..
Kenya,KEN,GDP per capita growth (annual %),NY.GDP.PCAP.KD.ZG,-2.2103217118529,5.5651365159048,2.86281276489714,3.48335845460592,..
Kiribati,KIR,GDP per capita growth (annual %),NY.GDP.PCAP.KD.ZG,-2.27952355228955,6.5969687469682,2.23928655354328,2.50532863178424,..
"Korea, Dem. People's Rep.",PRK,GDP per capita growth (annual %),NY.GDP.PCAP.KD.ZG,..,..,..,..,..
"Korea, Rep.",KOR,GDP per capita growth (annual %),NY.GDP.PCAP.KD.ZG,-0.846212237799236,4.43912129317819,2.80523762871836,1.2782352431086,..
Kosovo,XKX,GDP per capita growth (annual %),NY.GDP.PCAP.KD.ZG,-5.4069546835034,10.9981399077476,5.33915659522819,4.76264915945173,..
Kuwait,KWT,GDP per capita growth (annual %),NY.GDP.PCAP.KD.ZG,-3.90786290383718,3.18476964251985,0.58248950967598,-8.87744214614318,..
Kyrgyz Republic,KGZ,GDP per capita growth (annual %),NY.GDP.PCAP.KD.ZG,-9.03157037888498,3.58776223348636,7.03043636823195,4.28948319232387,..
Lao PDR,LAO,GDP per capita growth (annual %),NY.GDP.PCAP.KD.ZG,-0.986715601107164,1.06109059992194,1.2697005231296,2.31116087572821,..
Latvia,LVA,GDP per capita growth (annual %),NY.GDP.PCAP.KD.ZG,-2.78996546437763,7.85292695411783,2.08934626964296,1.8117824899081,..
Lebanon,LBN,GDP per capita growth (annual %),NY.GDP.PCAP.KD.ZG,-20.1290983815185,-7.25697163046323,-1.07782192621244,..,..
Lesotho,LSO,GDP per capita growth (annual %),NY.GDP.PCAP.KD.ZG,-9.23727098640387,1.09935886499268,1.28745564005285,0.70936021278365,..
Liberia,LBR,GDP per capita growth (annual %),NY.GDP.PCAP.KD.ZG,-4.97470394166794,2.7936852774608,2.585058275666,2.40186206516404,..
Libya,LBY,GDP per capita growth (annual %),NY.GDP.PCAP.KD.ZG,-30.4001717408883,26.7187487479889,-9.37730522600894,8.92161133257645,..
Liechtenstein,LIE,GDP per capita growth (annual %),NY.GDP.PCAP.KD.ZG,..,..,..,..,..
Lithuania,LTU,GDP per capita growth (annual %),NY.GDP.PCAP.KD.ZG,0.0160393826553076,6.15387501673001,1.42221484035335,-1.05357703458839,..
Luxembourg,LUX,GDP per capita growth (annual %),NY.GDP.PCAP.KD.ZG,-2.54734610654114,5.55350216888992,-0.643838258238688,-3.07357168889484,..
"Macao SAR, China",MAC,GDP per capita growth (annual %),NY.GDP.PCAP.KD.ZG,-55.2289114279301,24.0609037124274,-18.9921335824679,74.6745294521873,..
Madagascar,MDG,GDP per capita growth (annual %),NY.GDP.PCAP.KD.ZG,-9.49182579621846,3.11304190906058,1.45041079620489,1.27563080349347,..
Malawi,MWI,GDP per capita growth (annual %),NY.GDP.PCAP.KD.ZG,-1.82835240679078,1.88076432929152,-1.63749399398691,-0.694162804013459,..
Malaysia,MYS,GDP per capita growth (annual %),NY.GDP.PCAP.KD.ZG,-6.7093351308522,2.13146199778431,7.56568334141943,2.28543525044522,..
Maldives,MDV,GDP per capita growth (annual %),NY.GDP.PCAP.KD.ZG,-34.8311671109222,33.7685588624398,12.0990628027296,4.35048754910801,..
Mali,MLI,GDP per capita growth (annual %),NY.GDP.PCAP.KD.ZG,-4.17116857548567,-0.053395387846976,0.407339954463566,1.59010534965964,..
Malta,MLT,GDP per capita growth (annual %),NY.GDP.PCAP.KD.ZG,-5.58563787097273,12.7592413975032,1.60547300786484,3.36852457959398,..
Marshall Islands,MHL,GDP per capita growth (annual %),NY.GDP.PCAP.KD.ZG,0.18904949035759,4.49871565023581,2.06474740953719,-0.842141526170835,..
Mauritania,MRT,GDP per capita growth (annual %),NY.GDP.PCAP.KD.ZG,-3.22895410596585,-2.12417730369323,3.71273084121897,3.394023478096,..
Mauritius,MUS,GDP per capita growth (annual %),NY.GDP.PCAP.KD.ZG,-14.5484955921362,3.37766873430745,9.20854554021604,7.08398687057522,..
Mexico,MEX,GDP per capita growth (annual %),NY.GDP.PCAP.KD.ZG,-9.10287152203078,5.34306677677003,2.91114396091503,2.30380690084846,..
"Micronesia, Fed. Sts.",FSM,GDP per capita growth (annual %),NY.GDP.PCAP.KD.ZG,-2.52118013349089,2.14796817888627,-1.21186404971759,0.322583228443634,..
Moldova,MDA,GDP per capita growth (annual %),NY.GDP.PCAP.KD.ZG,-7.26326976771907,15.6557976122015,-2.49292079644995,3.68936143298177,..
Monaco,MCO,GDP per capita growth (annual %),NY.GDP.PCAP.KD.ZG,-13.1045741376188,20.7188673661029,9.89456821840635,4.9759710362292,..
Mongolia,MNG,GDP per capita growth (annual %),NY.GDP.PCAP.KD.ZG,-6.26542378289111,-0.0614212834574062,3.50307766866899,5.95952333228973,..
Montenegro,MNE,GDP per capita growth (annual %),NY.GDP.PCAP.KD.ZG,-15.2084745840286,13.4259284810017,6.75113280678158,6.51648684267545,..
Morocco,MAR,GDP per capita growth (annual %),NY.GDP.PCAP.KD.ZG,-8.13866950405836,7.0606299574828,0.496491363740688,2.33822924451532,..
Mozambique,MOZ,GDP per capita growth (annual %),NY.GDP.PCAP.KD.ZG,-4.10527399484737,-0.606316436997986,1.33335997479769,2.36823636193984,..
Myanmar,MMR,GDP per capita growth (annual %),NY.GDP.PCAP.KD.ZG,-9.69306034482335,-12.6271000081721,3.3220284145453,0.255328678052805,..
Namibia,NAM,GDP per capita growth (annual %),NY.GDP.PCAP.KD.ZG,-10.7372931134497,0.588992664401843,2.46537058535898,1.57863745737447,..
Nauru,NRU,GDP per capita growth (annual %),NY.GDP.PCAP.KD.ZG,1.49131173016789,6.60230435521744,2.21947700567004,-0.0361392104703953,..
Nepal,NPL,GDP per capita growth (annual %),NY.GDP.PCAP.KD.ZG,-4.23182776858643,3.02971971240495,4.77665725420763,2.02403422615498,..
Netherlands,NLD,GDP per capita growth (annual %),NY.GDP.PCAP.KD.ZG,-4.40052542748734,5.72193529072887,4.01097884810504,-0.911427833032306,..
New Caledonia,NCL,GDP per capita growth (annual %),NY.GDP.PCAP.KD.ZG,-2.59576600480919,-2.45629456943234,2.81185763226435,..,..
New Zealand,NZL,GDP per capita growth (annual %),NY.GDP.PCAP.KD.ZG,-2.59630156645085,4.11466940497311,2.65634589792765,-1.30909730372859,..
Nicaragua,NIC,GDP per capita growth (annual %),NY.GDP.PCAP.KD.ZG,-2.97718223200967,8.99666272575695,2.42794539296618,3.14466254351242,..
Niger,NER,GDP per capita growth (annual %),NY.GDP.PCAP.KD.ZG,0.189464640804786,-1.86257596023195,8.31986372617727,-0.822231531223011,..
Nigeria,NGA,GDP per capita growth (annual %),NY.GDP.PCAP.KD.ZG,-3.86420100251684,1.49716084785834,1.11326739395624,0.724295703712912,..
North Macedonia,MKD,GDP per capita growth (annual %),NY.GDP.PCAP.KD.ZG,-3.65436823824773,5.59213007924724,3.06193588427661,2.29031841434981,..
Northern Mariana Islands,MNP,GDP per capita growth (annual %),NY.GDP.PCAP.KD.ZG,-28.1627780007682,6.19656514048702,18.9235637680801,..,..
Norway,NOR,GDP per capita growth (annual %),NY.GDP.PCAP.KD.ZG,-1.85769610859076,3.35449507409562,2.08438190143963,-0.657512864771078,..
Oman,OMN,GDP per capita growth (annual %),NY.GDP.PCAP.KD.ZG,-1.91104857604375,3.08530454964595,4.2536737742175,-5.09095912808435,..
Pakistan,PAK,GDP per capita growth (annual %),NY.GDP.PCAP.KD.ZG,-3.03889328268374,4.52304565172781,2.96250287218002,-1.57595478935832,..
Palau,PLW,GDP per capita growth (annual %),NY.GDP.PCAP.KD.ZG,-5.96772602229385,-13.7502589458316,-1.18508807698933,2.06097379961807,..
Panama,PAN,GDP per capita growth (annual %),NY.GDP.PCAP.KD.ZG,-18.9421660019842,15.0695424701587,9.37602551245362,6.00257751263449,..
Papua New Guinea,PNG,GDP per capita growth (annual %),NY.GDP.PCAP.KD.ZG,-5.20688760233854,-2.47024592325819,3.73630449392715,1.1864910219976,..
Paraguay,PRY,GDP per capita growth (annual %),NY.GDP.PCAP.KD.ZG,-2.15166731600608,2.76491347457801,-0.954302474177084,3.43380549314503,..
Peru,PER,GDP per capita growth (annual %),NY.GDP.PCAP.KD.ZG,-11.989123385761,12.2704158286165,1.7448842204999,-1.63789283805724,..
Philippines,PHL,GDP per capita growth (annual %),NY.GDP.PCAP.KD.ZG,-10.5488615067566,4.76163916493006,6.76595410569132,4.69438183281208,..
Poland,POL,GDP per capita growth (annual %),NY.GDP.PCAP.KD.ZG,-1.86392007240133,9.58004178661109,5.7122759744731,0.505669211124399,..
Portugal,PRT,GDP per capita growth (annual %),NY.GDP.PCAP.KD.ZG,-8.30107126608704,4.89913186909243,6.24247086992797,1.13212883498659,..
Puerto Rico,PRI,GDP per capita growth (annual %),NY.GDP.PCAP.KD.ZG,-6.74641129088297,0.965622665641604,4.93760570724984,1.01594203308866,..
Qatar,QAT,GDP per capita growth (annual %),NY.GDP.PCAP.KD.ZG,-8.92450818476308,13.3615381479092,-1.79097889450918,1.23672426011099,..
Romania,ROU,GDP per capita growth (annual %),NY.GDP.PCAP.KD.ZG,-3.14239791281243,6.33606362005621,4.36677630016675,2.34529368789489,..
Russian Federation,RUS,GDP per capita growth (annual %),NY.GDP.PCAP.KD.ZG,-2.52680431743222,5.96554013311996,-1.73318663190568,3.89361804941169,..
Rwanda,RWA,GDP per capita growth (annual %),NY.GDP.PCAP.KD.ZG,-5.51636902603423,8.45555510884712,5.81433388969708,5.88757291883972,..
Samoa,WSM,GDP per capita growth (annual %),NY.GDP.PCAP.KD.ZG,-4.09773045959912,-7.87643194778342,-5.95822542049191,7.88145673103034,..
San Marino,SMR,GDP per capita growth (annual %),NY.GDP.PCAP.KD.ZG,-6.93518932061002,15.6202890686695,9.48711055571971,..,..
Sao Tome and Principe,STP,GDP per capita growth (annual %),NY.GDP.PCAP.KD.ZG,0.716646434339125,-0.17852659147141,-1.75407310474412,-1.6128371937285,..
Saudi Arabia,SAU,GDP per capita growth (annual %),NY.GDP.PCAP.KD.ZG,-8.13075233111495,7.69692769433404,2.83967898892131,-4.00418422046917,..
Senegal,SEN,GDP per capita growth (annual %),NY.GDP.PCAP.KD.ZG,-1.29147593329481,3.8734325976821,1.29516488848884,2.1168073839353,..
Serbia,SRB,GDP per capita growth (annual %),NY.GDP.PCAP.KD.ZG,-0.288042264925664,8.97258082321535,5.24705329134949,4.49449684698806,..
Seychelles,SYC,GDP per capita growth (annual %),NY.GDP.PCAP.KD.ZG,-12.4901374474458,-0.254097866449726,-4.8001108665391,3.25215193272193,..
Sierra Leone,SLE,GDP per capita growth (annual %),NY.GDP.PCAP.KD.ZG,-3.50677788869559,3.51527957069044,2.99519003006155,3.41471641633679,..
Singapore,SGP,GDP per capita growth (annual %),NY.GDP.PCAP.KD.ZG,-3.56949598146913,14.3619661171204,0.458682804705319,-3.71813638952344,..
Sint Maarten (Dutch part),SXM,GDP per capita growth (annual %),NY.GDP.PCAP.KD.ZG,-14.6336937315718,3.16129245692684,8.31998495940604,2.31884254602448,..
Slovak Republic,SVK,GDP per capita growth (annual %),NY.GDP.PCAP.KD.ZG,-2.66902860343937,5.95174767575104,0.736223720636815,1.47196774387082,..
Slovenia,SVN,GDP per capita growth (annual %),NY.GDP.PCAP.KD.ZG,-4.72524690259519,8.09863398767787,2.50488429850861,1.70880508049775,..
Solomon Islands,SLB,GDP per capita growth (annual %),NY.GDP.PCAP.KD.ZG,-5.50313424418144,0.130939472508416,-0.0197029176376589,0.639500366039741,..
Somalia,SOM,GDP per capita growth (annual %),NY.GDP.PCAP.KD.ZG,-6.37473582032182,-0.257094286284627,-0.333977531184487,1.05606220761301,..
South Africa,ZAF,GDP per capita growth (annual %),NY.GDP.PCAP.KD.ZG,-7.67873309598839,3.35053090110557,0.480619707090057,-0.630050658120766,..
South Sudan,SSD,GDP per capita growth (annual %),NY.GDP.PCAP.KD.ZG,..,..,..,..,..
Spain,ESP,GDP per capita growth (annual %),NY.GDP.PCAP.KD.ZG,-11.3740694030146,6.57033396471437,5.41600552197859,1.42527469236005,..
Sri Lanka,LKA,GDP per capita growth (annual %),NY.GDP.PCAP.KD.ZG,-5.12926234516283,3.09278196860629,-7.45121981085666,-1.65958035453171,..
St. Kitts and Nevis,KNA,GDP per capita growth (annual %),NY.GDP.PCAP.KD.ZG,-15.2063626838725,0.709589303103471,10.6506240915734,2.17775868095249,..
St. Lucia,LCA,GDP per capita growth (annual %),NY.GDP.PCAP.KD.ZG,-24.6110924015334,11.4294382372324,20.2123632881647,1.92274311969047,..
St. Martin (French part),MAF,GDP per capita growth (annual %),NY.GDP.PCAP.KD.ZG,-5.67034471115365,11.2897229582813,..,..,..
St. Vincent and the Grenadines,VCT,GDP per capita growth (annual %),NY.GDP.PCAP.KD.ZG,-3.14312946057163,1.4248947063312,7.99467271372755,6.77259727620614,..
Sudan,SDN,GDP per capita growth (annual %),NY.GDP.PCAP.KD.ZG,-6.18595807947966,-4.47700779563793,-3.59800846557803,-21.1643160813014,..
Suriname,SUR,GDP per capita growth (annual %),NY.GDP.PCAP.KD.ZG,-16.8738740468232,-3.31629942420831,1.54051769500568,1.6065973435272,..
Sweden,SWE,GDP per capita growth (annual %),NY.GDP.PCAP.KD.ZG,-2.71099578243886,5.30316368411722,0.771118411875221,-0.780807367826782,..
Switzerland,CHE,GDP per capita growth (annual %),NY.GDP.PCAP.KD.ZG,-2.85415832226442,4.5881921178937,1.72060833518621,-0.541794294858562,..
Syrian Arab Republic,SYR,GDP per capita growth (annual %),NY.GDP.PCAP.KD.ZG,-3.98011071488936,-0.874333294023842,-3.00434829701605,..,..
Tajikistan,TJK,GDP per capita growth (annual %),NY.GDP.PCAP.KD.ZG,2.05116680370303,7.01157366120653,5.71622455034235,6.13628181088259,..
Tanzania,TZA,GDP per capita growth (annual %),NY.GDP.PCAP.KD.ZG,-0.998987836780785,1.25401761079502,1.54299792361155,2.08099243052513,..
Thailand,THA,GDP per capita growth (annual %),NY.GDP.PCAP.KD.ZG,-6.20637326420599,1.44661826857285,2.4513468687893,1.93399875154758,..
Timor-Leste,TLS,GDP per capita growth (annual %),NY.GDP.PCAP.KD.ZG,29.2315955694561,3.48348588804535,-21.6952451186159,-19.0045491090863,..
Togo,TGO,GDP per capita growth (annual %),NY.GDP.PCAP.KD.ZG,-0.438936506619754,3.49988645176158,3.30037029854027,3.95368670822319,..
Tonga,TON,GDP per capita growth (annual %),NY.GDP.PCAP.KD.ZG,1.7496930940647,0.566200387066786,-1.89321542116249,..,..
Trinidad and Tobago,TTO,GDP per capita growth (annual %),NY.GDP.PCAP.KD.ZG,-9.26015688200572,-1.0977057917612,1.61248649253199,1.22131575017148,..
Tunisia,TUN,GDP per capita growth (annual %),NY.GDP.PCAP.KD.ZG,-9.76402965912095,4.08814174869963,2.07425595327958,-0.625809734119017,..
Turkiye,TUR,GDP per capita growth (annual %),NY.GDP.PCAP.KD.ZG,0.876219397794188,10.4294060712136,4.49945877235265,4.6848743835486,..
Turkmenistan,TKM,GDP per capita growth (annual %),NY.GDP.PCAP.KD.ZG,3.67579761156229,4.07165530742274,4.17079684424029,4.36243135913014,..
Turks and Caicos Islands,TCA,GDP per capita growth (annual %),NY.GDP.PCAP.KD.ZG,-28.795387742915,6.96031940340833,4.80089377109047,0.431106342006643,..
Tuvalu,TUV,GDP per capita growth (annual %),NY.GDP.PCAP.KD.ZG,-2.59958228889671,3.8514037023984,2.71261925845695,5.71488075368194,..
Uganda,UGA,GDP per capita growth (annual %),NY.GDP.PCAP.KD.ZG,-0.423922683361482,0.258075577364949,1.48927085105888,2.42759459782118,..
Ukraine,UKR,GDP per capita growth (annual %),NY.GDP.PCAP.KD.ZG,-3.08458576352871,4.41050883289091,-22.7456813021158,15.2178648350109,..
United Arab Emirates,ARE,GDP per capita growth (annual %),NY.GDP.PCAP.KD.ZG,-4.50466762810275,2.45717457525512,2.17608343497355,-0.421510858601309,..
United Kingdom,GBR,GDP per capita growth (annual %),NY.GDP.PCAP.KD.ZG,-10.6244160168382,8.66495150024396,3.65646079988994,-0.480663557904705,..
United States,USA,GDP per capita growth (annual %),NY.GDP.PCAP.KD.ZG,-3.10649046252769,5.88831426529379,2.13636162986278,2.38266938077211,..
Uruguay,URY,GDP per capita growth (annual %),NY.GDP.PCAP.KD.ZG,-7.42815529772055,5.63253268966115,4.88579872246839,0.451369477346802,..
Uzbekistan,UZB,GDP per capita growth (annual %),NY.GDP.PCAP.KD.ZG,-0.316556159764588,5.96090610034494,3.8919951117236,4.1646761531384,..
Vanuatu,VUT,GDP per capita growth (annual %),NY.GDP.PCAP.KD.ZG,-7.17743078607894,-3.80855711163811,-0.420831040178726,-0.135912007377584,..
"Venezuela, RB",VEN,GDP per capita growth (annual %),NY.GDP.PCAP.KD.ZG,..,..,..,..,..
Viet Nam,VNM,GDP per capita growth (annual %),NY.GDP.PCAP.KD.ZG,1.91581434772165,1.66651604176819,7.31480947796427,4.34348081998421,..
Virgin Islands (U.S.),VIR,GDP per capita growth (annual %),NY.GDP.PCAP.KD.ZG,-1.26412494613658,4.07886990081306,-0.883383819313323,..,..
West Bank and Gaza,PSE,GDP per capita growth (annual %),NY.GDP.PCAP.KD.ZG,-13.4963869730477,4.41469534491321,1.58856471383393,-7.64782956788805,..
"Yemen, Rep.",YEM,GDP per capita growth (annual %),NY.GDP.PCAP.KD.ZG,..,..,..,..,..
Zambia,ZMB,GDP per capita growth (annual %),NY.GDP.PCAP.KD.ZG,-5.56773502453288,3.28575461102756,2.34336450166037,2.46464031100994,..
Zimbabwe,ZWE,GDP per capita growth (annual %),NY.GDP.PCAP.KD.ZG,-9.33397149289216,6.61191121413651,4.34366717276866,3.58486379597065,..
,,,,,,,,
,,,,,,,,
,,,,,,,,
Data from database: World Development Indicators,,,,,,,,
Last Updated: 04/15/2025,,,,,,,,
